datetime,timestamp,open,high,low,close,volume
2026-05-05 04:15:00,1777954500000,84.64,84.85,84.58,84.64,655.74
2026-05-05 04:30:00,1777955400000,84.64,84.66,84.54,84.62,320.62
2026-05-05 04:45:00,1777956300000,84.62,84.85,84.56,84.74,1019.29
2026-05-05 05:00:00,1777957200000,84.73,84.89,84.69,84.83,1030.68
2026-05-05 05:15:00,1777958100000,84.8,84.98,84.8,84.91,1584.0
2026-05-05 05:30:00,1777959000000,84.91,85.09,84.82,84.91,14285.45
2026-05-05 05:45:00,1777959900000,84.91,85.05,84.83,84.9,1142.52
2026-05-05 06:00:00,1777960800000,84.9,84.94,84.69,84.82,17480.09
2026-05-05 06:15:00,1777961700000,84.82,84.82,84.54,84.6,2458.47
2026-05-05 06:30:00,1777962600000,84.6,84.68,84.53,84.55,11042.35
2026-05-05 06:45:00,1777963500000,84.55,84.95,84.53,84.95,524.8
2026-05-05 07:00:00,1777964400000,84.94,84.99,84.75,84.89,1293.73
2026-05-05 07:15:00,1777965300000,84.89,85.01,84.83,84.91,779.53
2026-05-05 07:30:00,1777966200000,84.91,85.04,84.91,84.94,4496.34
2026-05-05 07:45:00,1777967100000,84.94,84.97,84.83,84.85,1364.45
2026-05-05 08:00:00,1777968000000,84.82,84.86,84.8,84.84,551.19
2026-05-05 08:15:00,1777968900000,84.84,84.84,84.69,84.76,335.67
2026-05-05 08:30:00,1777969800000,84.77,84.8,84.66,84.68,938.59
2026-05-05 08:45:00,1777970700000,84.68,84.76,84.68,84.73,926.18
2026-05-05 09:00:00,1777971600000,84.74,84.75,84.56,84.56,598.76
2026-05-05 09:15:00,1777972500000,84.56,84.61,84.47,84.53,491.94
2026-05-05 09:30:00,1777973400000,84.53,84.63,84.41,84.48,7008.86
2026-05-05 09:45:00,1777974300000,84.49,84.53,84.44,84.52,8027.02
2026-05-05 10:00:00,1777975200000,84.51,84.63,84.42,84.56,1660.54
2026-05-05 10:15:00,1777976100000,84.58,84.77,84.58,84.75,4115.24
2026-05-05 10:30:00,1777977000000,84.76,84.9,84.73,84.8,4291.81
2026-05-05 10:45:00,1777977900000,84.8,84.88,84.72,84.88,1176.7
2026-05-05 11:00:00,1777978800000,84.87,84.88,84.81,84.85,2303.05
2026-05-05 11:15:00,1777979700000,84.85,84.85,84.67,84.84,3909.95
2026-05-05 11:30:00,1777980600000,84.82,84.94,84.77,84.9,707.44
2026-05-05 11:45:00,1777981500000,84.9,84.96,84.8,84.91,894.11
2026-05-05 12:00:00,1777982400000,84.91,85.04,84.87,85.04,691.76
2026-05-05 12:15:00,1777983300000,85.04,85.23,84.99,85.18,13968.53
2026-05-05 12:30:00,1777984200000,85.18,85.25,85.11,85.19,6628.07
2026-05-05 12:45:00,1777985100000,85.2,85.33,85.19,85.29,7933.1
2026-05-05 13:00:00,1777986000000,85.27,86.07,85.27,85.86,14309.31
2026-05-05 13:15:00,1777986900000,85.9,85.94,85.62,85.67,5101.29
2026-05-05 13:30:00,1777987800000,85.64,85.77,85.36,85.52,8187.23
2026-05-05 13:45:00,1777988700000,85.53,85.94,85.41,85.59,9654.99
2026-05-05 14:00:00,1777989600000,85.6,85.71,85.35,85.35,7183.55
2026-05-05 14:15:00,1777990500000,85.34,85.59,85.14,85.55,15349.62
2026-05-05 14:30:00,1777991400000,85.55,85.66,85.21,85.32,4839.77
2026-05-05 14:45:00,1777992300000,85.32,85.44,85.17,85.44,2332.62
2026-05-05 15:00:00,1777993200000,85.45,85.85,85.33,85.69,4828.67
2026-05-05 15:15:00,1777994100000,85.68,85.8,85.56,85.63,4530.27
2026-05-05 15:30:00,1777995000000,85.67,85.74,85.5,85.55,4883.74
2026-05-05 15:45:00,1777995900000,85.55,85.6,85.43,85.46,1375.87
2026-05-05 16:00:00,1777996800000,85.5,85.65,85.48,85.53,2266.19
2026-05-05 16:15:00,1777997700000,85.53,85.64,85.32,85.42,3352.33
2026-05-05 16:30:00,1777998600000,85.41,85.41,85.02,85.1,14048.61
2026-05-05 16:45:00,1777999500000,85.1,85.32,85.06,85.27,1268.82
2026-05-05 17:00:00,1778000400000,85.27,85.36,85.08,85.24,2438.77
2026-05-05 17:15:00,1778001300000,85.25,85.5,85.25,85.38,1563.97
2026-05-05 17:30:00,1778002200000,85.38,85.39,85.27,85.38,2679.84
2026-05-05 17:45:00,1778003100000,85.38,85.45,85.34,85.42,774.32
2026-05-05 18:00:00,1778004000000,85.44,85.78,85.41,85.77,4806.01
2026-05-05 18:15:00,1778004900000,85.78,85.78,85.61,85.69,3826.48
2026-05-05 18:30:00,1778005800000,85.65,85.68,85.56,85.67,1548.86
2026-05-05 18:45:00,1778006700000,85.67,85.84,85.67,85.84,2544.28
2026-05-05 19:00:00,1778007600000,85.84,85.91,85.78,85.88,6003.49
2026-05-05 19:15:00,1778008500000,85.9,86.33,85.88,86.2,14756.65
2026-05-05 19:30:00,1778009400000,86.18,86.46,86.15,86.38,4827.94
2026-05-05 19:45:00,1778010300000,86.46,86.53,86.27,86.47,14459.62
2026-05-05 20:00:00,1778011200000,86.48,86.72,86.38,86.71,10436.03
2026-05-05 20:15:00,1778012100000,86.7,86.73,86.53,86.58,7502.85
2026-05-05 20:30:00,1778013000000,86.58,86.88,86.58,86.74,10033.01
2026-05-05 20:45:00,1778013900000,86.73,86.75,86.53,86.6,3271.03
2026-05-05 21:00:00,1778014800000,86.61,86.88,86.54,86.56,4626.79
2026-05-05 21:15:00,1778015700000,86.57,86.68,86.42,86.54,5303.75
2026-05-05 21:30:00,1778016600000,86.56,86.57,86.25,86.34,4488.99
2026-05-05 21:45:00,1778017500000,86.35,86.67,86.34,86.67,5425.94
2026-05-05 22:00:00,1778018400000,86.68,86.96,86.56,86.6,8560.29
2026-05-05 22:15:00,1778019300000,86.61,86.92,86.53,86.77,1141.5
2026-05-05 22:30:00,1778020200000,86.79,86.79,86.16,86.35,5755.39
2026-05-05 22:45:00,1778021100000,86.34,86.8,86.24,86.54,4227.53
2026-05-05 23:00:00,1778022000000,86.54,86.64,86.4,86.64,1547.58
2026-05-05 23:15:00,1778022900000,86.64,86.64,86.27,86.28,1267.64
2026-05-05 23:30:00,1778023800000,86.27,86.39,86.15,86.33,4481.71
2026-05-05 23:45:00,1778024700000,86.33,86.4,86.24,86.24,1977.12
2026-05-06 00:00:00,1778025600000,86.25,86.41,86.24,86.3,3257.23
2026-05-06 00:15:00,1778026500000,86.27,86.45,86.08,86.13,3760.09
2026-05-06 00:30:00,1778027400000,86.13,86.38,86.12,86.35,2300.1
2026-05-06 00:45:00,1778028300000,86.35,86.51,86.13,86.34,2040.78
2026-05-06 01:00:00,1778029200000,86.38,86.52,86.26,86.52,6592.87
2026-05-06 01:15:00,1778030100000,86.53,86.84,86.53,86.73,2926.27
2026-05-06 01:30:00,1778031000000,86.75,86.89,86.74,86.79,1208.03
2026-05-06 01:45:00,1778031900000,86.8,86.98,86.72,86.81,1660.46
2026-05-06 02:00:00,1778032800000,86.83,86.83,86.63,86.78,2350.19
2026-05-06 02:15:00,1778033700000,86.77,86.81,86.53,86.53,1250.34
2026-05-06 02:30:00,1778034600000,86.53,86.58,86.34,86.5,2820.35
2026-05-06 02:45:00,1778035500000,86.5,86.88,86.49,86.84,9235.01
2026-05-06 03:00:00,1778036400000,86.84,87.3,86.84,86.98,37277.63
2026-05-06 03:15:00,1778037300000,86.98,87.42,86.96,87.17,15638.29
2026-05-06 03:30:00,1778038200000,87.17,87.43,87.17,87.25,9874.32
2026-05-06 03:45:00,1778039100000,87.27,87.4,87.19,87.28,2101.04
2026-05-06 04:00:00,1778040000000,87.29,87.38,87.22,87.26,1996.37
2026-05-06 04:15:00,1778040900000,87.26,87.29,87.0,87.0,5544.91
2026-05-06 04:30:00,1778041800000,87.01,87.01,86.85,86.91,5762.56
2026-05-06 04:45:00,1778042700000,86.91,86.95,86.64,86.76,1107.45
2026-05-06 05:00:00,1778043600000,86.75,86.88,86.72,86.82,2194.5
2026-05-06 05:15:00,1778044500000,86.82,86.99,86.78,86.98,2630.83
2026-05-06 05:30:00,1778045400000,86.99,87.3,86.86,87.1,2262.76
2026-05-06 05:45:00,1778046300000,87.08,87.41,87.02,87.35,8262.87
2026-05-06 06:00:00,1778047200000,87.35,87.49,87.19,87.22,5135.13
2026-05-06 06:15:00,1778048100000,87.22,87.25,87.12,87.22,4559.02
2026-05-06 06:30:00,1778049000000,87.2,87.36,87.11,87.35,2119.03
2026-05-06 06:45:00,1778049900000,87.36,87.49,87.31,87.46,4307.63
2026-05-06 07:00:00,1778050800000,87.47,87.71,87.41,87.52,2824.82
2026-05-06 07:15:00,1778051700000,87.49,87.85,87.43,87.7,5251.66
2026-05-06 07:30:00,1778052600000,87.71,87.8,87.65,87.73,3576.57
2026-05-06 07:45:00,1778053500000,87.74,87.79,87.55,87.66,6417.12
2026-05-06 08:00:00,1778054400000,87.65,87.95,87.61,87.86,3993.8
2026-05-06 08:15:00,1778055300000,87.84,87.92,87.75,87.83,2478.5
2026-05-06 08:30:00,1778056200000,87.85,88.28,87.85,88.26,8685.77
2026-05-06 08:45:00,1778057100000,88.28,89.16,88.18,88.99,14310.08
2026-05-06 09:00:00,1778058000000,89.01,89.05,88.62,88.77,4544.21
2026-05-06 09:15:00,1778058900000,88.75,88.86,88.55,88.79,3914.68
2026-05-06 09:30:00,1778059800000,88.79,89.34,88.74,89.22,9774.98
2026-05-06 09:45:00,1778060700000,89.2,89.5,89.01,89.43,5186.83
2026-05-06 10:00:00,1778061600000,89.47,89.56,89.17,89.48,7940.32
2026-05-06 10:15:00,1778062500000,89.47,89.65,89.39,89.48,4015.83
2026-05-06 10:30:00,1778063400000,89.48,89.65,89.46,89.54,7886.48
2026-05-06 10:45:00,1778064300000,89.56,89.61,89.32,89.34,2145.48
2026-05-06 11:00:00,1778065200000,89.32,89.54,89.28,89.47,5262.43
2026-05-06 11:15:00,1778066100000,89.47,89.99,89.47,89.57,13596.2
2026-05-06 11:30:00,1778067000000,89.59,89.81,89.46,89.47,22424.77
2026-05-06 11:45:00,1778067900000,89.48,89.84,89.46,89.83,6455.67
2026-05-06 12:00:00,1778068800000,89.83,89.93,89.45,89.47,4960.09
2026-05-06 12:15:00,1778069700000,89.47,89.76,89.46,89.61,3937.42
2026-05-06 12:30:00,1778070600000,89.62,89.82,89.6,89.67,2559.94
2026-05-06 12:45:00,1778071500000,89.71,89.88,89.53,89.62,6160.15
2026-05-06 13:00:00,1778072400000,89.58,89.58,88.39,88.88,14503.73
2026-05-06 13:15:00,1778073300000,88.87,89.01,88.36,88.5,6641.46
2026-05-06 13:30:00,1778074200000,88.47,88.77,88.37,88.65,11322.94
2026-05-06 13:45:00,1778075100000,88.68,88.68,88.06,88.31,13007.27
2026-05-06 14:00:00,1778076000000,88.31,88.33,87.43,88.07,69733.62
2026-05-06 14:15:00,1778076900000,88.07,88.44,87.89,88.15,12960.34
2026-05-06 14:30:00,1778077800000,88.15,88.6,88.15,88.59,22603.14
2026-05-06 14:45:00,1778078700000,88.6,88.8,88.27,88.36,15372.29
2026-05-06 15:00:00,1778079600000,88.35,88.6,88.27,88.33,6534.86
2026-05-06 15:15:00,1778080500000,88.35,88.93,88.35,88.69,13861.92
2026-05-06 15:30:00,1778081400000,88.69,88.85,88.5,88.8,3280.73
2026-05-06 15:45:00,1778082300000,88.77,89.02,88.77,88.93,5688.82
2026-05-06 16:00:00,1778083200000,88.93,89.12,88.8,89.03,6115.19
2026-05-06 16:15:00,1778084100000,89.03,89.1,88.59,88.68,5446.92
2026-05-06 16:30:00,1778085000000,88.67,89.25,88.55,89.18,6536.73
2026-05-06 16:45:00,1778085900000,89.18,89.47,89.1,89.12,8228.5
2026-05-06 17:00:00,1778086800000,89.14,89.38,89.09,89.19,2462.91
2026-05-06 17:15:00,1778087700000,89.17,89.18,88.85,88.97,11828.26
2026-05-06 17:30:00,1778088600000,88.98,89.03,88.88,88.91,1757.8
2026-05-06 17:45:00,1778089500000,88.91,88.92,88.53,88.78,7377.98
2026-05-06 18:00:00,1778090400000,88.78,88.86,88.46,88.7,4564.24
2026-05-06 18:15:00,1778091300000,88.69,88.92,88.69,88.84,3955.35
2026-05-06 18:30:00,1778092200000,88.78,88.97,88.58,88.94,5445.95
2026-05-06 18:45:00,1778093100000,88.91,89.08,88.79,88.94,4226.77
2026-05-06 19:00:00,1778094000000,88.97,89.16,88.92,88.94,2059.2
2026-05-06 19:15:00,1778094900000,88.93,89.23,88.86,89.05,4127.63
2026-05-06 19:30:00,1778095800000,89.05,89.16,88.85,89.07,4298.9
2026-05-06 19:45:00,1778096700000,89.07,89.27,89.03,89.23,2601.26
2026-05-06 20:00:00,1778097600000,89.23,89.47,89.18,89.43,7250.45
2026-05-06 20:15:00,1778098500000,89.46,89.56,89.38,89.39,3030.78
2026-05-06 20:30:00,1778099400000,89.38,89.41,88.96,88.96,4145.65
2026-05-06 20:45:00,1778100300000,88.97,89.14,88.88,89.13,4763.74
2026-05-06 21:00:00,1778101200000,89.14,89.36,89.04,89.19,3881.49
2026-05-06 21:15:00,1778102100000,89.21,89.4,89.2,89.39,1624.34
2026-05-06 21:30:00,1778103000000,89.37,89.54,89.32,89.46,1961.59
2026-05-06 21:45:00,1778103900000,89.46,89.53,89.38,89.43,4819.48
2026-05-06 22:00:00,1778104800000,89.45,89.53,89.2,89.3,3465.89
2026-05-06 22:15:00,1778105700000,89.3,89.33,89.02,89.03,2516.41
2026-05-06 22:30:00,1778106600000,89.03,89.17,89.03,89.08,1035.96
2026-05-06 22:45:00,1778107500000,89.08,89.21,88.98,89.05,1432.21
2026-05-06 23:00:00,1778108400000,89.04,89.05,88.62,88.91,8036.24
2026-05-06 23:15:00,1778109300000,88.95,89.12,88.94,89.11,3779.6
2026-05-06 23:30:00,1778110200000,89.1,89.13,88.95,89.05,16650.67
2026-05-06 23:45:00,1778111100000,89.05,89.13,88.96,89.11,2938.84
2026-05-07 00:00:00,1778112000000,89.11,89.22,88.97,88.99,4961.07
2026-05-07 00:15:00,1778112900000,88.99,88.99,88.61,88.61,3859.56
2026-05-07 00:30:00,1778113800000,88.61,88.65,88.21,88.28,18486.92
2026-05-07 00:45:00,1778114700000,88.28,88.49,88.18,88.31,4443.56
2026-05-07 01:00:00,1778115600000,88.27,88.38,87.86,88.31,6580.05
2026-05-07 01:15:00,1778116500000,88.35,88.38,87.89,88.37,1703.64
2026-05-07 01:30:00,1778117400000,88.37,88.48,88.21,88.3,4023.59
2026-05-07 01:45:00,1778118300000,88.29,88.32,88.04,88.29,1241.85
2026-05-07 02:00:00,1778119200000,88.29,88.32,87.91,87.95,9954.61
2026-05-07 02:15:00,1778120100000,87.94,88.03,87.84,87.91,3313.31
2026-05-07 02:30:00,1778121000000,87.89,88.02,87.79,87.9,2632.16
2026-05-07 02:45:00,1778121900000,87.9,88.17,87.9,88.11,4153.18
2026-05-07 03:00:00,1778122800000,88.1,88.11,87.94,87.94,2121.96
2026-05-07 03:15:00,1778123700000,87.92,88.01,87.59,87.84,5423.8
2026-05-07 03:30:00,1778124600000,87.85,87.93,87.65,87.91,1737.77
2026-05-07 03:45:00,1778125500000,87.94,88.0,87.7,87.72,779.4
2026-05-07 04:00:00,1778126400000,87.7,88.0,87.66,87.96,1170.14
2026-05-07 04:15:00,1778127300000,87.96,88.14,87.92,88.08,1935.25
2026-05-07 04:30:00,1778128200000,88.06,88.19,87.91,87.94,1589.9
2026-05-07 04:45:00,1778129100000,87.94,88.32,87.94,88.32,1178.41
2026-05-07 05:00:00,1778130000000,88.29,88.86,88.29,88.52,7604.78
2026-05-07 05:15:00,1778130900000,88.53,88.63,88.41,88.58,752.89
2026-05-07 05:30:00,1778131800000,88.56,88.63,88.44,88.44,1436.42
2026-05-07 05:45:00,1778132700000,88.44,88.63,88.34,88.63,1027.89
2026-05-07 06:00:00,1778133600000,88.61,88.65,88.18,88.18,2568.23
2026-05-07 06:15:00,1778134500000,88.19,88.44,88.18,88.44,977.04
2026-05-07 06:30:00,1778135400000,88.45,89.14,88.44,89.12,3783.67
2026-05-07 06:45:00,1778136300000,89.12,89.26,88.95,89.24,2187.5
2026-05-07 07:00:00,1778137200000,89.24,89.49,89.1,89.47,3360.42
2026-05-07 07:15:00,1778138100000,89.47,89.57,89.34,89.55,5730.54
2026-05-07 07:30:00,1778139000000,89.56,90.33,89.56,90.14,12633.8
2026-05-07 07:45:00,1778139900000,90.14,90.39,89.92,90.13,2615.34
2026-05-07 08:00:00,1778140800000,90.12,90.23,90.01,90.12,2313.68
2026-05-07 08:15:00,1778141700000,90.12,90.12,89.61,89.79,2647.2
2026-05-07 08:30:00,1778142600000,89.79,89.91,89.49,89.55,2832.36
2026-05-07 08:45:00,1778143500000,89.55,89.76,89.45,89.53,1385.59
2026-05-07 09:00:00,1778144400000,89.52,89.55,89.29,89.5,9626.35
2026-05-07 09:15:00,1778145300000,89.5,89.55,89.14,89.24,11293.95
2026-05-07 09:30:00,1778146200000,89.22,89.51,89.19,89.27,5711.02
2026-05-07 09:45:00,1778147100000,89.27,89.42,89.26,89.39,1021.35
2026-05-07 10:00:00,1778148000000,89.37,89.48,89.01,89.11,3967.29
2026-05-07 10:15:00,1778148900000,89.1,89.18,88.69,88.74,4995.8
2026-05-07 10:30:00,1778149800000,88.74,89.15,88.73,89.13,3248.54
2026-05-07 10:45:00,1778150700000,89.11,89.18,89.03,89.12,2089.33
2026-05-07 11:00:00,1778151600000,89.12,89.64,89.12,89.4,6327.32
2026-05-07 11:15:00,1778152500000,89.4,89.58,89.29,89.36,1174.29
2026-05-07 11:30:00,1778153400000,89.36,89.58,89.35,89.55,887.59
2026-05-07 11:45:00,1778154300000,89.55,89.57,89.22,89.5,1711.34
2026-05-07 12:00:00,1778155200000,89.5,89.93,89.46,89.91,8756.86
2026-05-07 12:15:00,1778156100000,89.93,90.04,89.69,89.84,3226.17
2026-05-07 12:30:00,1778157000000,89.84,89.93,89.75,89.83,2506.91
2026-05-07 12:45:00,1778157900000,89.84,89.89,89.58,89.69,3072.8
2026-05-07 13:00:00,1778158800000,89.69,89.69,88.97,89.03,4167.91
2026-05-07 13:15:00,1778159700000,89.06,89.48,89.04,89.2,10763.03
2026-05-07 13:30:00,1778160600000,89.19,89.19,88.85,88.86,4182.18
2026-05-07 13:45:00,1778161500000,88.85,88.95,88.33,88.62,7469.46
2026-05-07 14:00:00,1778162400000,88.63,88.85,88.41,88.84,6866.42
2026-05-07 14:15:00,1778163300000,88.84,88.84,88.38,88.44,3600.79
2026-05-07 14:30:00,1778164200000,88.45,88.51,87.8,87.98,10292.0
2026-05-07 14:45:00,1778165100000,87.98,88.26,87.91,88.1,6728.83
2026-05-07 15:00:00,1778166000000,88.08,88.47,88.02,88.31,9073.35
2026-05-07 15:15:00,1778166900000,88.31,88.47,87.75,88.01,11795.01
2026-05-07 15:30:00,1778167800000,88.01,88.45,87.97,88.37,14473.44
2026-05-07 15:45:00,1778168700000,88.37,88.54,88.19,88.25,5199.84
2026-05-07 16:00:00,1778169600000,88.24,88.45,88.09,88.31,9035.16
2026-05-07 16:15:00,1778170500000,88.27,88.72,88.05,88.66,9993.49
2026-05-07 16:30:00,1778171400000,88.62,88.72,88.31,88.49,4623.92
2026-05-07 16:45:00,1778172300000,88.49,88.72,88.28,88.4,5002.17
2026-05-07 17:00:00,1778173200000,88.41,88.55,88.32,88.53,2822.46
2026-05-07 17:15:00,1778174100000,88.53,88.55,87.9,88.13,7288.18
2026-05-07 17:30:00,1778175000000,88.12,88.51,88.09,88.43,2123.67
2026-05-07 17:45:00,1778175900000,88.47,88.81,88.33,88.75,3170.45
2026-05-07 18:00:00,1778176800000,88.75,88.93,88.64,88.77,10490.95
2026-05-07 18:15:00,1778177700000,88.77,88.91,88.74,88.82,1802.95
2026-05-07 18:30:00,1778178600000,88.82,89.02,88.54,88.58,5849.9
2026-05-07 18:45:00,1778179500000,88.59,88.67,88.2,88.55,8200.76
2026-05-07 19:00:00,1778180400000,88.51,88.56,88.28,88.52,3040.73
2026-05-07 19:15:00,1778181300000,88.52,88.53,88.18,88.26,2876.81
2026-05-07 19:30:00,1778182200000,88.25,88.67,88.25,88.5,1649.14
2026-05-07 19:45:00,1778183100000,88.53,88.66,88.27,88.38,1969.48
2026-05-07 20:00:00,1778184000000,88.4,88.77,88.33,88.5,4172.89
2026-05-07 20:15:00,1778184900000,88.52,88.56,88.38,88.51,6970.88
2026-05-07 20:30:00,1778185800000,88.52,88.52,88.12,88.18,11337.43
2026-05-07 20:45:00,1778186700000,88.17,88.24,87.99,88.01,4357.07
2026-05-07 21:00:00,1778187600000,88.03,88.1,87.62,87.84,7480.88
2026-05-07 21:15:00,1778188500000,87.85,88.12,87.75,88.11,3616.4
2026-05-07 21:30:00,1778189400000,88.13,88.19,87.94,87.95,2663.28
2026-05-07 21:45:00,1778190300000,87.94,88.03,87.92,87.92,1927.23
2026-05-07 22:00:00,1778191200000,87.91,87.97,87.65,87.9,3393.7
2026-05-07 22:15:00,1778192100000,87.92,88.18,87.89,88.0,900.89
2026-05-07 22:30:00,1778193000000,87.99,88.1,87.78,87.86,590.32
2026-05-07 22:45:00,1778193900000,87.83,88.14,87.83,88.08,357.75
2026-05-07 23:00:00,1778194800000,88.04,88.25,88.03,88.16,1395.4
2026-05-07 23:15:00,1778195700000,88.18,88.3,88.07,88.2,370.91
2026-05-07 23:30:00,1778196600000,88.21,88.34,88.15,88.34,621.92
2026-05-07 23:45:00,1778197500000,88.34,88.45,88.34,88.37,497.83
2026-05-08 00:00:00,1778198400000,88.41,88.6,88.35,88.54,1390.72
2026-05-08 00:15:00,1778199300000,88.54,88.54,88.36,88.37,1244.27
2026-05-08 00:30:00,1778200200000,88.37,88.42,88.25,88.27,948.83
2026-05-08 00:45:00,1778201100000,88.27,88.27,88.09,88.23,1380.8
2026-05-08 01:00:00,1778202000000,88.24,88.32,87.96,87.97,1183.28
2026-05-08 01:15:00,1778202900000,87.96,88.17,87.89,88.17,2584.95
2026-05-08 01:30:00,1778203800000,88.17,88.24,88.12,88.18,1162.49
2026-05-08 01:45:00,1778204700000,88.16,88.19,88.09,88.11,567.41
2026-05-08 02:00:00,1778205600000,88.13,88.13,87.74,87.9,2570.9
2026-05-08 02:15:00,1778206500000,87.89,87.89,87.58,87.87,4106.75
2026-05-08 02:30:00,1778207400000,87.87,88.31,87.85,88.09,3067.09
2026-05-08 02:45:00,1778208300000,88.09,88.24,87.96,88.01,1002.56
2026-05-08 03:00:00,1778209200000,88.02,88.02,87.59,87.95,3331.35
2026-05-08 03:15:00,1778210100000,87.96,88.22,87.96,88.17,1147.29
2026-05-08 03:30:00,1778211000000,88.18,88.34,88.17,88.25,881.03
2026-05-08 03:45:00,1778211900000,88.25,88.28,88.15,88.19,951.38
2026-05-08 04:00:00,1778212800000,88.17,88.29,88.17,88.26,766.22
2026-05-08 04:15:00,1778213700000,88.28,88.34,88.22,88.27,20503.12
2026-05-08 04:30:00,1778214600000,88.28,88.28,87.98,88.07,1333.38
2026-05-08 04:45:00,1778215500000,88.1,88.19,88.05,88.13,824.14
2026-05-08 05:00:00,1778216400000,88.13,88.24,88.06,88.18,571.05
2026-05-08 05:15:00,1778217300000,88.18,88.32,88.13,88.24,2418.59
2026-05-08 05:30:00,1778218200000,88.23,88.38,88.23,88.32,3156.6
2026-05-08 05:45:00,1778219100000,88.32,88.38,88.0,88.0,2331.31
2026-05-08 06:00:00,1778220000000,87.98,88.1,87.79,88.07,2317.64
2026-05-08 06:15:00,1778220900000,88.07,88.25,88.0,88.0,7270.05
2026-05-08 06:30:00,1778221800000,88.01,88.07,87.76,88.0,3030.75
2026-05-08 06:45:00,1778222700000,88.01,88.01,87.87,88.0,1368.46
2026-05-08 07:00:00,1778223600000,88.0,88.0,87.73,87.74,3005.41
2026-05-08 07:15:00,1778224500000,87.74,87.83,87.61,87.78,5186.64
2026-05-08 07:30:00,1778225400000,87.8,88.07,87.76,88.02,4680.79
2026-05-08 07:45:00,1778226300000,88.03,88.2,88.01,88.19,1964.96
2026-05-08 08:00:00,1778227200000,88.19,88.29,88.14,88.19,2306.92
2026-05-08 08:15:00,1778228100000,88.19,88.25,87.96,88.19,1690.85
2026-05-08 08:30:00,1778229000000,88.18,88.45,88.17,88.45,2064.87
2026-05-08 08:45:00,1778229900000,88.43,88.58,88.31,88.31,3201.66
2026-05-08 09:00:00,1778230800000,88.34,88.52,88.2,88.52,1338.6
2026-05-08 09:15:00,1778231700000,88.52,88.67,88.5,88.52,3325.05
2026-05-08 09:30:00,1778232600000,88.53,88.57,88.42,88.42,781.71
2026-05-08 09:45:00,1778233500000,88.42,88.42,88.28,88.38,2327.3
2026-05-08 10:00:00,1778234400000,88.38,88.55,88.24,88.35,3985.55
2026-05-08 10:15:00,1778235300000,88.35,88.46,88.3,88.4,1551.4
2026-05-08 10:30:00,1778236200000,88.4,88.66,88.4,88.63,1939.93
2026-05-08 10:45:00,1778237100000,88.64,88.69,88.57,88.57,1169.32
2026-05-08 11:00:00,1778238000000,88.58,88.67,88.44,88.55,1414.65
2026-05-08 11:15:00,1778238900000,88.55,88.67,88.5,88.61,713.46
2026-05-08 11:30:00,1778239800000,88.61,88.64,88.44,88.47,1697.33
2026-05-08 11:45:00,1778240700000,88.47,88.65,88.47,88.6,1205.27
2026-05-08 12:00:00,1778241600000,88.6,88.66,88.45,88.57,7857.9
2026-05-08 12:15:00,1778242500000,88.57,88.68,88.46,88.64,6548.99
2026-05-08 12:30:00,1778243400000,88.68,88.82,88.43,88.66,4630.68
2026-05-08 12:45:00,1778244300000,88.66,88.67,88.3,88.4,5287.3
2026-05-08 13:00:00,1778245200000,88.41,88.49,88.15,88.22,7463.99
2026-05-08 13:15:00,1778246100000,88.24,88.43,88.22,88.24,5099.3
2026-05-08 13:30:00,1778247000000,88.26,88.46,87.96,88.07,9715.21
2026-05-08 13:45:00,1778247900000,88.04,88.36,88.04,88.27,4978.23
2026-05-08 14:00:00,1778248800000,88.31,88.82,88.29,88.77,10868.57
2026-05-08 14:15:00,1778249700000,88.77,89.34,88.74,88.98,17414.85
2026-05-08 14:30:00,1778250600000,89.0,89.2,88.6,89.17,10931.91
2026-05-08 14:45:00,1778251500000,89.18,89.18,88.96,89.09,4647.65
2026-05-08 15:00:00,1778252400000,89.1,89.25,88.78,88.85,5507.37
2026-05-08 15:15:00,1778253300000,88.81,88.84,88.37,88.54,10384.59
2026-05-08 15:30:00,1778254200000,88.51,89.26,88.41,89.11,10241.67
2026-05-08 15:45:00,1778255100000,89.1,89.55,89.08,89.54,6438.6
2026-05-08 16:00:00,1778256000000,89.55,89.58,89.3,89.44,5935.86
2026-05-08 16:15:00,1778256900000,89.44,89.73,89.35,89.55,6549.79
2026-05-08 16:30:00,1778257800000,89.56,89.67,89.39,89.66,5696.55
2026-05-08 16:45:00,1778258700000,89.67,89.72,89.46,89.54,5878.66
2026-05-08 17:00:00,1778259600000,89.53,89.81,89.53,89.73,8286.14
2026-05-08 17:15:00,1778260500000,89.72,90.3,89.72,90.26,15962.61
2026-05-08 17:30:00,1778261400000,90.27,91.94,90.27,91.47,52598.01
2026-05-08 17:45:00,1778262300000,91.46,91.79,91.46,91.6,16935.54
2026-05-08 18:00:00,1778263200000,91.63,91.98,91.61,91.84,9143.87
2026-05-08 18:15:00,1778264100000,91.86,92.37,91.74,92.25,12489.93
2026-05-08 18:30:00,1778265000000,92.24,92.53,92.22,92.28,13968.19
2026-05-08 18:45:00,1778265900000,92.29,92.52,92.25,92.28,3767.83
2026-05-08 19:00:00,1778266800000,92.28,92.46,92.01,92.37,13757.92
2026-05-08 19:15:00,1778267700000,92.38,92.74,92.38,92.74,16244.03
2026-05-08 19:30:00,1778268600000,92.69,92.75,92.37,92.44,4311.09
2026-05-08 19:45:00,1778269500000,92.44,92.59,92.39,92.56,2881.24
2026-05-08 20:00:00,1778270400000,92.55,92.64,92.16,92.38,8511.86
2026-05-08 20:15:00,1778271300000,92.38,92.46,92.2,92.46,2837.32
2026-05-08 20:30:00,1778272200000,92.46,92.46,92.21,92.31,1433.89
2026-05-08 20:45:00,1778273100000,92.33,92.35,92.0,92.09,6177.24
2026-05-08 21:00:00,1778274000000,92.09,92.18,91.71,91.85,8220.9
2026-05-08 21:15:00,1778274900000,91.89,92.1,91.85,91.87,3518.96
2026-05-08 21:30:00,1778275800000,91.89,92.36,91.89,92.34,4963.28
2026-05-08 21:45:00,1778276700000,92.34,92.35,92.21,92.26,12090.28
2026-05-08 22:00:00,1778277600000,92.26,92.6,92.24,92.6,12895.53
2026-05-08 22:15:00,1778278500000,92.6,92.68,92.36,92.36,4165.69
2026-05-08 22:30:00,1778279400000,92.41,92.44,92.29,92.33,2523.84
2026-05-08 22:45:00,1778280300000,92.33,92.41,92.22,92.26,1606.76
2026-05-08 23:00:00,1778281200000,92.24,92.26,92.01,92.01,4687.63
2026-05-08 23:15:00,1778282100000,92.02,92.09,91.9,91.92,4924.54
2026-05-08 23:30:00,1778283000000,91.89,91.91,91.72,91.76,6155.25
2026-05-08 23:45:00,1778283900000,91.75,91.98,91.75,91.96,2674.43
2026-05-09 00:00:00,1778284800000,91.97,92.06,91.8,92.02,2718.31
2026-05-09 00:15:00,1778285700000,92.02,92.33,92.02,92.31,2880.3
2026-05-09 00:30:00,1778286600000,92.34,92.49,92.29,92.32,1367.57
2026-05-09 00:45:00,1778287500000,92.32,92.57,92.31,92.41,1564.33
2026-05-09 01:00:00,1778288400000,92.4,92.67,92.4,92.62,3587.76
2026-05-09 01:15:00,1778289300000,92.64,92.65,92.42,92.45,4906.78
2026-05-09 01:30:00,1778290200000,92.44,93.29,92.44,93.16,11472.21
2026-05-09 01:45:00,1778291100000,93.15,93.8,92.96,93.48,13798.74
2026-05-09 02:00:00,1778292000000,93.47,93.74,93.26,93.52,6357.18
2026-05-09 02:15:00,1778292900000,93.54,93.59,93.31,93.36,3448.09
2026-05-09 02:30:00,1778293800000,93.36,93.6,93.35,93.43,5327.98
2026-05-09 02:45:00,1778294700000,93.43,93.46,93.27,93.46,2778.82
2026-05-09 03:00:00,1778295600000,93.46,93.67,93.36,93.51,2288.02
2026-05-09 03:15:00,1778296500000,93.54,93.72,93.53,93.61,3770.95
2026-05-09 03:30:00,1778297400000,93.58,93.62,93.36,93.47,4133.67
2026-05-09 03:45:00,1778298300000,93.46,93.67,93.46,93.59,2201.21
2026-05-09 04:00:00,1778299200000,93.6,94.15,93.6,93.89,8205.67
2026-05-09 04:15:00,1778300100000,93.9,93.9,93.47,93.58,1634.98
2026-05-09 04:30:00,1778301000000,93.58,93.69,93.38,93.4,3182.97
2026-05-09 04:45:00,1778301900000,93.4,93.54,93.09,93.18,3089.19
2026-05-09 05:00:00,1778302800000,93.19,93.19,92.78,93.04,7385.2
2026-05-09 05:15:00,1778303700000,93.1,93.48,93.06,93.45,3299.2
2026-05-09 05:30:00,1778304600000,93.45,93.67,93.4,93.67,2255.64
2026-05-09 05:45:00,1778305500000,93.67,93.72,93.55,93.68,1526.58
2026-05-09 06:00:00,1778306400000,93.68,94.05,93.68,93.83,4327.55
2026-05-09 06:15:00,1778307300000,93.82,93.83,93.46,93.48,2611.54
2026-05-09 06:30:00,1778308200000,93.48,93.6,93.16,93.38,1973.68
2026-05-09 06:45:00,1778309100000,93.38,93.52,93.33,93.47,1836.81
2026-05-09 07:00:00,1778310000000,93.47,93.63,93.3,93.45,2572.1
2026-05-09 07:15:00,1778310900000,93.45,93.76,93.45,93.61,1679.2
2026-05-09 07:30:00,1778311800000,93.61,93.96,93.6,93.68,2933.48
2026-05-09 07:45:00,1778312700000,93.69,93.77,93.62,93.73,2189.14
2026-05-09 08:00:00,1778313600000,93.73,93.82,93.63,93.76,1357.08
2026-05-09 08:15:00,1778314500000,93.77,93.87,93.71,93.84,1931.37
2026-05-09 08:30:00,1778315400000,93.84,93.9,93.69,93.69,519.64
2026-05-09 08:45:00,1778316300000,93.69,93.75,93.65,93.66,302.43
2026-05-09 09:00:00,1778317200000,93.65,93.65,93.46,93.46,1199.75
2026-05-09 09:15:00,1778318100000,93.46,93.46,93.01,93.39,4886.16
2026-05-09 09:30:00,1778319000000,93.38,93.38,93.18,93.25,2923.43
2026-05-09 09:45:00,1778319900000,93.25,93.34,93.13,93.25,1536.11
2026-05-09 10:00:00,1778320800000,93.23,93.25,93.06,93.22,2348.25
2026-05-09 10:15:00,1778321700000,93.25,93.45,93.25,93.3,2592.37
2026-05-09 10:30:00,1778322600000,93.3,93.54,93.3,93.43,3788.06
2026-05-09 10:45:00,1778323500000,93.44,93.46,93.31,93.33,1690.43
2026-05-09 11:00:00,1778324400000,93.33,93.5,93.29,93.47,2707.71
2026-05-09 11:15:00,1778325300000,93.47,93.64,93.45,93.61,4876.61
2026-05-09 11:30:00,1778326200000,93.61,93.64,93.5,93.53,2849.0
2026-05-09 11:45:00,1778327100000,93.53,93.62,93.5,93.56,857.51
2026-05-09 12:00:00,1778328000000,93.54,93.69,93.43,93.47,1517.56
2026-05-09 12:15:00,1778328900000,93.43,93.64,93.32,93.55,2705.27
2026-05-09 12:30:00,1778329800000,93.55,93.55,93.23,93.31,4223.84
2026-05-09 12:45:00,1778330700000,93.31,93.42,93.27,93.4,2942.07
2026-05-09 13:00:00,1778331600000,93.4,93.4,93.18,93.34,1384.34
2026-05-09 13:15:00,1778332500000,93.36,93.38,93.05,93.19,2026.96
2026-05-09 13:30:00,1778333400000,93.19,93.23,92.96,93.23,2388.68
2026-05-09 13:45:00,1778334300000,93.23,93.4,93.23,93.4,1927.77
2026-05-09 14:00:00,1778335200000,93.4,93.4,93.13,93.2,4229.18
2026-05-09 14:15:00,1778336100000,93.2,93.23,92.88,92.98,4561.87
2026-05-09 14:30:00,1778337000000,92.97,93.08,92.94,93.02,843.73
2026-05-09 14:45:00,1778337900000,92.99,93.05,92.72,92.82,10915.94
2026-05-09 15:00:00,1778338800000,92.81,92.92,92.36,92.49,12791.11
2026-05-09 15:15:00,1778339700000,92.49,92.81,92.49,92.78,5228.73
2026-05-09 15:30:00,1778340600000,92.78,92.91,92.66,92.66,1480.48
2026-05-09 15:45:00,1778341500000,92.66,92.95,92.66,92.95,2761.39
2026-05-09 16:00:00,1778342400000,92.95,93.05,92.8,93.0,2012.33
2026-05-09 16:15:00,1778343300000,93.03,93.26,92.9,92.9,1670.31
2026-05-09 16:30:00,1778344200000,92.9,92.9,92.65,92.7,1321.8
2026-05-09 16:45:00,1778345100000,92.7,92.85,92.64,92.68,1596.52
2026-05-09 17:00:00,1778346000000,92.71,93.07,92.71,92.97,4272.5
2026-05-09 17:15:00,1778346900000,92.96,93.19,92.91,93.17,2665.68
2026-05-09 17:30:00,1778347800000,93.19,93.43,93.18,93.32,5672.23
2026-05-09 17:45:00,1778348700000,93.31,93.33,93.07,93.18,1268.29
2026-05-09 18:00:00,1778349600000,93.15,93.27,93.1,93.13,692.34
2026-05-09 18:15:00,1778350500000,93.13,93.59,93.13,93.53,7405.12
2026-05-09 18:30:00,1778351400000,93.52,93.54,93.29,93.32,2412.64
2026-05-09 18:45:00,1778352300000,93.32,93.33,93.24,93.31,1769.35
2026-05-09 19:00:00,1778353200000,93.31,93.36,93.22,93.31,1068.74
2026-05-09 19:15:00,1778354100000,93.31,93.31,93.16,93.3,837.97
2026-05-09 19:30:00,1778355000000,93.3,93.43,93.25,93.39,1016.92
2026-05-09 19:45:00,1778355900000,93.39,93.54,93.35,93.46,12196.46
2026-05-09 20:00:00,1778356800000,93.46,93.46,93.26,93.27,1535.32
2026-05-09 20:15:00,1778357700000,93.25,93.25,93.17,93.22,4411.95
2026-05-09 20:30:00,1778358600000,93.23,93.25,93.08,93.2,914.3
2026-05-09 20:45:00,1778359500000,93.2,93.25,93.14,93.21,5110.15
2026-05-09 21:00:00,1778360400000,93.22,93.37,93.21,93.3,5443.35
2026-05-09 21:15:00,1778361300000,93.3,93.38,93.2,93.33,4406.24
2026-05-09 21:30:00,1778362200000,93.33,93.4,93.23,93.38,6842.93
2026-05-09 21:45:00,1778363100000,93.38,93.5,93.32,93.42,1488.11
2026-05-09 22:00:00,1778364000000,93.43,93.45,93.29,93.32,1424.12
2026-05-09 22:15:00,1778364900000,93.32,93.35,93.25,93.35,701.94
2026-05-09 22:30:00,1778365800000,93.31,93.43,93.16,93.42,1637.4
2026-05-09 22:45:00,1778366700000,93.42,93.42,93.24,93.26,552.08
2026-05-09 23:00:00,1778367600000,93.29,93.42,93.21,93.23,1391.87
2026-05-09 23:15:00,1778368500000,93.23,93.23,93.1,93.11,14886.6
2026-05-09 23:30:00,1778369400000,93.11,93.13,93.0,93.0,3532.49
2026-05-09 23:45:00,1778370300000,93.0,93.15,92.99,93.06,31378.5
2026-05-10 00:00:00,1778371200000,93.06,93.14,92.88,93.12,1591.96
2026-05-10 00:15:00,1778372100000,93.11,93.32,93.08,93.13,7044.15
2026-05-10 00:30:00,1778373000000,93.11,93.11,92.97,93.04,8026.55
2026-05-10 00:45:00,1778373900000,92.99,93.01,92.9,92.98,1790.96
2026-05-10 01:00:00,1778374800000,92.98,92.98,92.79,92.79,8092.48
2026-05-10 01:15:00,1778375700000,92.79,92.85,92.55,92.59,6977.2
2026-05-10 01:30:00,1778376600000,92.59,92.77,92.59,92.75,1208.75
2026-05-10 01:45:00,1778377500000,92.73,92.94,92.72,92.91,41149.98
2026-05-10 02:00:00,1778378400000,92.91,92.94,92.76,92.85,1129.17
2026-05-10 02:15:00,1778379300000,92.84,93.07,92.84,93.04,4698.72
2026-05-10 02:30:00,1778380200000,93.02,93.03,92.86,92.91,1778.44
2026-05-10 02:45:00,1778381100000,92.91,93.04,92.8,92.98,818.87
2026-05-10 03:00:00,1778382000000,93.01,93.15,92.97,93.13,2120.54
2026-05-10 03:15:00,1778382900000,93.13,93.22,93.0,93.07,1719.41
2026-05-10 03:30:00,1778383800000,93.11,93.45,93.0,93.33,1101.25
2026-05-10 03:45:00,1778384700000,93.32,93.43,93.32,93.41,2360.24
2026-05-10 04:00:00,1778385600000,93.37,93.41,93.21,93.25,2496.2
2026-05-10 04:15:00,1778386500000,93.32,93.38,93.19,93.27,809.01
2026-05-10 04:30:00,1778387400000,93.27,93.45,93.27,93.32,1328.55
2026-05-10 04:45:00,1778388300000,93.31,93.38,93.26,93.3,2114.71
2026-05-10 05:00:00,1778389200000,93.29,93.3,93.19,93.28,346.09
2026-05-10 05:15:00,1778390100000,93.28,93.45,93.28,93.39,868.63
2026-05-10 05:30:00,1778391000000,93.39,93.44,93.34,93.37,526.8
2026-05-10 05:45:00,1778391900000,93.37,93.37,93.27,93.29,386.65
2026-05-10 06:00:00,1778392800000,93.29,93.36,93.24,93.29,666.74
2026-05-10 06:15:00,1778393700000,93.29,93.33,93.2,93.24,442.07
2026-05-10 06:30:00,1778394600000,93.24,93.37,93.23,93.32,2834.81
2026-05-10 06:45:00,1778395500000,93.32,93.4,93.32,93.36,516.47
2026-05-10 07:00:00,1778396400000,93.36,93.59,93.35,93.35,2229.28
2026-05-10 07:15:00,1778397300000,93.32,93.53,93.32,93.49,1502.6
2026-05-10 07:30:00,1778398200000,93.48,93.55,93.42,93.47,850.76
2026-05-10 07:45:00,1778399100000,93.47,93.54,93.38,93.42,1508.87
2026-05-10 08:00:00,1778400000000,93.38,94.05,93.38,93.7,8057.18
2026-05-10 08:15:00,1778400900000,93.7,93.98,93.66,93.86,2504.13
2026-05-10 08:30:00,1778401800000,93.86,93.95,93.8,93.85,6518.23
2026-05-10 08:45:00,1778402700000,93.83,94.01,93.83,94.0,1409.68
2026-05-10 09:00:00,1778403600000,94.0,94.76,94.0,94.45,16554.32
2026-05-10 09:15:00,1778404500000,94.43,94.51,94.31,94.45,4673.49
2026-05-10 09:30:00,1778405400000,94.45,94.6,94.18,94.27,3204.22
2026-05-10 09:45:00,1778406300000,94.28,94.42,94.21,94.27,2545.33
2026-05-10 10:00:00,1778407200000,94.26,94.33,93.73,93.76,11293.21
2026-05-10 10:15:00,1778408100000,93.76,93.8,93.55,93.76,3190.73
2026-05-10 10:30:00,1778409000000,93.76,93.84,93.69,93.75,1219.61
2026-05-10 10:45:00,1778409900000,93.73,93.86,93.61,93.82,1338.32
2026-05-10 11:00:00,1778410800000,93.82,93.94,93.71,93.76,944.99
2026-05-10 11:15:00,1778411700000,93.73,93.78,92.83,93.24,26387.3
2026-05-10 11:30:00,1778412600000,93.23,93.36,93.18,93.28,3183.01
2026-05-10 11:45:00,1778413500000,93.28,93.52,93.28,93.48,829.58
2026-05-10 12:00:00,1778414400000,93.48,93.56,93.32,93.43,1230.87
2026-05-10 12:15:00,1778415300000,93.43,93.46,93.25,93.33,2144.52
2026-05-10 12:30:00,1778416200000,93.33,93.37,93.25,93.31,1063.34
2026-05-10 12:45:00,1778417100000,93.31,93.39,93.16,93.24,815.15
2026-05-10 13:00:00,1778418000000,93.24,93.44,93.18,93.42,2982.43
2026-05-10 13:15:00,1778418900000,93.42,93.74,93.31,93.61,2691.07
2026-05-10 13:30:00,1778419800000,93.61,93.72,93.55,93.7,1379.66
2026-05-10 13:45:00,1778420700000,93.69,93.88,93.63,93.75,4903.64
2026-05-10 14:00:00,1778421600000,93.71,93.92,93.66,93.81,3083.63
2026-05-10 14:15:00,1778422500000,93.83,93.83,93.64,93.7,1728.94
2026-05-10 14:30:00,1778423400000,93.7,94.09,93.7,93.88,5323.21
2026-05-10 14:45:00,1778424300000,93.88,93.99,93.63,93.82,2196.41
2026-05-10 15:00:00,1778425200000,93.82,94.29,93.82,94.23,6794.86
2026-05-10 15:15:00,1778426100000,94.25,94.37,94.13,94.31,8822.99
2026-05-10 15:30:00,1778427000000,94.33,94.64,94.33,94.52,13256.04
2026-05-10 15:45:00,1778427900000,94.51,94.69,94.37,94.49,6085.22
2026-05-10 16:00:00,1778428800000,94.5,94.6,94.24,94.44,11211.95
2026-05-10 16:15:00,1778429700000,94.47,94.47,94.14,94.32,18005.37
2026-05-10 16:30:00,1778430600000,94.33,94.83,94.28,94.63,15488.09
2026-05-10 16:45:00,1778431500000,94.66,94.96,94.59,94.77,8857.86
2026-05-10 17:00:00,1778432400000,94.8,95.34,94.78,95.17,9876.66
2026-05-10 17:15:00,1778433300000,95.17,95.93,95.14,95.88,16062.11
2026-05-10 17:30:00,1778434200000,95.88,96.14,95.62,95.89,13864.45
2026-05-10 17:45:00,1778435100000,95.9,96.48,95.68,96.44,12281.67
2026-05-10 18:00:00,1778436000000,96.45,96.65,96.09,96.65,9938.11
2026-05-10 18:15:00,1778436900000,96.61,96.82,96.37,96.59,5604.8
2026-05-10 18:30:00,1778437800000,96.58,96.88,96.48,96.55,7265.37
2026-05-10 18:45:00,1778438700000,96.57,96.72,96.38,96.39,10418.0
2026-05-10 19:00:00,1778439600000,96.38,96.38,95.72,96.14,11715.77
2026-05-10 19:15:00,1778440500000,96.14,96.83,96.11,96.78,9994.91
2026-05-10 19:30:00,1778441400000,96.79,96.83,96.41,96.56,8630.15
2026-05-10 19:45:00,1778442300000,96.57,96.59,96.21,96.45,9551.79
2026-05-10 20:00:00,1778443200000,96.45,96.57,95.92,95.92,5144.79
2026-05-10 20:15:00,1778444100000,95.96,95.98,95.53,95.78,12159.21
2026-05-10 20:30:00,1778445000000,95.76,95.76,94.79,94.85,12340.33
2026-05-10 20:45:00,1778445900000,94.84,94.84,93.37,94.46,25690.61
2026-05-10 21:00:00,1778446800000,94.43,95.2,94.43,94.6,21134.62
2026-05-10 21:15:00,1778447700000,94.59,95.3,94.59,95.28,5649.57
2026-05-10 21:30:00,1778448600000,95.29,95.54,94.97,95.34,13993.96
2026-05-10 21:45:00,1778449500000,95.33,95.47,95.02,95.03,12075.19
2026-05-10 22:00:00,1778450400000,95.01,95.79,94.85,95.46,16724.5
2026-05-10 22:15:00,1778451300000,95.5,96.05,95.29,95.71,7713.47
2026-05-10 22:30:00,1778452200000,95.7,96.31,95.51,95.92,24647.32
2026-05-10 22:45:00,1778453100000,95.94,96.29,95.9,96.2,7418.76
2026-05-10 23:00:00,1778454000000,96.21,96.42,96.07,96.19,17449.36
2026-05-10 23:15:00,1778454900000,96.2,96.5,95.93,96.3,8767.79
2026-05-10 23:30:00,1778455800000,96.28,96.83,96.22,96.65,13210.32
2026-05-10 23:45:00,1778456700000,96.65,96.66,96.27,96.42,15260.91
2026-05-11 00:00:00,1778457600000,96.41,96.61,96.06,96.18,6212.4
2026-05-11 00:15:00,1778458500000,96.21,96.48,95.86,96.07,21097.59
2026-05-11 00:30:00,1778459400000,96.07,96.64,95.87,95.93,17947.59
2026-05-11 00:45:00,1778460300000,95.93,96.08,95.28,95.77,10403.76
2026-05-11 01:00:00,1778461200000,95.77,96.01,95.31,95.84,8067.93
2026-05-11 01:15:00,1778462100000,95.84,96.36,95.74,96.06,7180.89
2026-05-11 01:30:00,1778463000000,96.06,96.28,95.75,95.94,5183.06
2026-05-11 01:45:00,1778463900000,95.93,96.22,95.79,96.02,2390.4
2026-05-11 02:00:00,1778464800000,96.02,96.1,95.63,95.77,3153.31
2026-05-11 02:15:00,1778465700000,95.75,95.75,95.34,95.52,4884.45
2026-05-11 02:30:00,1778466600000,95.52,95.57,95.16,95.34,7891.4
2026-05-11 02:45:00,1778467500000,95.32,95.39,95.21,95.25,3566.99
2026-05-11 03:00:00,1778468400000,95.26,95.29,94.66,94.69,7567.77
2026-05-11 03:15:00,1778469300000,94.69,94.97,94.63,94.72,3357.0
2026-05-11 03:30:00,1778470200000,94.71,94.82,94.44,94.8,7870.6
2026-05-11 03:45:00,1778471100000,94.81,94.92,94.69,94.72,5549.9
2026-05-11 04:00:00,1778472000000,94.72,94.72,94.39,94.49,9971.15
2026-05-11 04:15:00,1778472900000,94.49,94.8,94.49,94.79,3002.82
2026-05-11 04:30:00,1778473800000,94.79,95.1,94.79,95.08,3973.03
2026-05-11 04:45:00,1778474700000,95.09,95.15,94.88,94.9,1120.19
2026-05-11 05:00:00,1778475600000,94.9,95.3,94.89,95.11,1190.56
2026-05-11 05:15:00,1778476500000,95.11,95.55,95.11,95.55,1390.41
2026-05-11 05:30:00,1778477400000,95.55,95.84,95.45,95.45,1842.65
2026-05-11 05:45:00,1778478300000,95.45,95.73,95.45,95.66,2109.0
2026-05-11 06:00:00,1778479200000,95.64,96.12,95.59,95.9,2649.53
2026-05-11 06:15:00,1778480100000,95.9,96.02,95.69,95.92,3779.94
2026-05-11 06:30:00,1778481000000,95.91,95.98,95.41,95.54,4757.17
2026-05-11 06:45:00,1778481900000,95.55,95.6,95.39,95.44,1495.96
2026-05-11 07:00:00,1778482800000,95.45,95.46,95.21,95.33,1238.69
2026-05-11 07:15:00,1778483700000,95.31,95.54,95.21,95.28,867.29
2026-05-11 07:30:00,1778484600000,95.27,95.42,95.11,95.26,1497.98
2026-05-11 07:45:00,1778485500000,95.26,95.48,95.25,95.29,1298.34
2026-05-11 08:00:00,1778486400000,95.3,95.31,94.88,95.01,1479.01
2026-05-11 08:15:00,1778487300000,95.0,95.09,94.58,94.58,5305.33
2026-05-11 08:30:00,1778488200000,94.57,94.9,94.52,94.9,3646.12
2026-05-11 08:45:00,1778489100000,94.9,94.95,94.69,94.76,3795.66
2026-05-11 09:00:00,1778490000000,94.72,95.21,94.72,95.18,1652.12
2026-05-11 09:15:00,1778490900000,95.18,95.24,95.1,95.2,747.93
2026-05-11 09:30:00,1778491800000,95.2,95.26,95.04,95.11,1092.95
2026-05-11 09:45:00,1778492700000,95.1,95.32,95.07,95.23,1021.27
2026-05-11 10:00:00,1778493600000,95.27,95.48,95.14,95.32,930.68
2026-05-11 10:15:00,1778494500000,95.32,95.52,95.29,95.43,5186.74
2026-05-11 10:30:00,1778495400000,95.46,95.5,95.04,95.17,4309.26
2026-05-11 10:45:00,1778496300000,95.17,95.24,95.0,95.0,983.73
2026-05-11 11:00:00,1778497200000,95.0,95.11,94.87,94.98,1432.61
2026-05-11 11:15:00,1778498100000,94.98,95.27,94.98,95.14,3365.92
2026-05-11 11:30:00,1778499000000,95.15,95.44,95.15,95.3,998.83
2026-05-11 11:45:00,1778499900000,95.27,95.3,95.01,95.2,948.7
2026-05-11 12:00:00,1778500800000,95.23,95.35,94.69,94.69,3284.0
2026-05-11 12:15:00,1778501700000,94.69,95.28,94.62,95.15,11609.98
2026-05-11 12:30:00,1778502600000,95.15,95.25,94.93,94.99,3999.21
2026-05-11 12:45:00,1778503500000,94.97,95.13,94.64,94.76,6864.57
2026-05-11 13:00:00,1778504400000,94.76,95.33,94.72,95.22,7575.37
2026-05-11 13:15:00,1778505300000,95.22,95.28,95.04,95.06,7471.35
2026-05-11 13:30:00,1778506200000,95.1,95.45,94.51,95.32,23538.36
2026-05-11 13:45:00,1778507100000,95.35,95.39,94.87,95.2,10834.67
2026-05-11 14:00:00,1778508000000,95.2,95.84,95.2,95.66,21530.66
2026-05-11 14:15:00,1778508900000,95.67,95.7,94.7,94.71,23304.33
2026-05-11 14:30:00,1778509800000,94.71,94.95,94.26,94.61,13122.11
2026-05-11 14:45:00,1778510700000,94.6,95.16,94.33,95.12,10910.41
2026-05-11 15:00:00,1778511600000,95.11,95.45,94.85,95.29,14104.05
2026-05-11 15:15:00,1778512500000,95.31,96.44,95.3,96.19,9307.29
2026-05-11 15:30:00,1778513400000,96.2,96.42,95.9,95.9,9044.56
2026-05-11 15:45:00,1778514300000,95.89,96.77,95.83,96.77,10831.34
2026-05-11 16:00:00,1778515200000,96.77,97.91,96.46,97.91,34387.65
2026-05-11 16:15:00,1778516100000,97.9,97.97,97.18,97.4,19512.67
2026-05-11 16:30:00,1778517000000,97.39,97.79,96.97,97.25,20387.17
2026-05-11 16:45:00,1778517900000,97.22,97.74,97.22,97.3,7178.58
2026-05-11 17:00:00,1778518800000,97.32,97.41,96.87,97.15,12093.36
2026-05-11 17:15:00,1778519700000,97.14,97.46,97.06,97.17,7155.69
2026-05-11 17:30:00,1778520600000,97.17,97.85,96.94,97.79,8966.42
2026-05-11 17:45:00,1778521500000,97.79,97.91,97.58,97.72,7279.29
2026-05-11 18:00:00,1778522400000,97.68,98.07,97.48,97.51,7156.28
2026-05-11 18:15:00,1778523300000,97.51,97.67,97.24,97.55,5011.3
2026-05-11 18:30:00,1778524200000,97.51,97.64,97.36,97.4,3991.58
2026-05-11 18:45:00,1778525100000,97.4,97.72,97.22,97.26,1978.11
2026-05-11 19:00:00,1778526000000,97.25,97.49,96.97,97.4,10436.04
2026-05-11 19:15:00,1778526900000,97.42,97.82,97.33,97.66,1834.73
2026-05-11 19:30:00,1778527800000,97.64,98.36,97.64,98.11,13519.04
2026-05-11 19:45:00,1778528700000,98.11,98.21,97.94,98.14,4080.62
2026-05-11 20:00:00,1778529600000,98.15,98.34,97.76,97.85,7817.73
2026-05-11 20:15:00,1778530500000,97.85,98.03,97.72,97.73,2718.37
2026-05-11 20:30:00,1778531400000,97.77,97.96,97.61,97.77,6536.44
2026-05-11 20:45:00,1778532300000,97.76,97.87,97.56,97.59,1742.73
2026-05-11 21:00:00,1778533200000,97.57,97.73,97.37,97.6,1846.02
2026-05-11 21:15:00,1778534100000,97.58,97.65,97.42,97.52,1722.58
2026-05-11 21:30:00,1778535000000,97.52,97.77,97.45,97.53,3464.54
2026-05-11 21:45:00,1778535900000,97.53,97.53,97.28,97.35,1269.01
2026-05-11 22:00:00,1778536800000,97.36,97.71,97.34,97.46,7010.98
2026-05-11 22:15:00,1778537700000,97.42,97.67,97.32,97.41,1770.08
2026-05-11 22:30:00,1778538600000,97.41,97.55,97.4,97.51,913.33
2026-05-11 22:45:00,1778539500000,97.56,97.8,97.53,97.59,1166.94
2026-05-11 23:00:00,1778540400000,97.58,97.58,97.27,97.45,1823.13
2026-05-11 23:15:00,1778541300000,97.45,97.46,97.06,97.11,2689.31
2026-05-11 23:30:00,1778542200000,97.11,97.47,97.11,97.36,1176.58
2026-05-11 23:45:00,1778543100000,97.36,97.39,97.23,97.3,981.55
2026-05-12 00:00:00,1778544000000,97.29,97.38,97.13,97.2,1606.35
2026-05-12 00:15:00,1778544900000,97.23,97.41,97.19,97.38,1179.54
2026-05-12 00:30:00,1778545800000,97.38,97.54,97.32,97.32,1563.54
2026-05-12 00:45:00,1778546700000,97.35,97.63,97.35,97.43,2124.03
2026-05-12 01:00:00,1778547600000,97.43,97.61,96.96,96.97,14716.27
2026-05-12 01:15:00,1778548500000,97.0,97.0,96.54,96.78,19467.1
2026-05-12 01:30:00,1778549400000,96.75,96.75,95.47,96.08,17881.11
2026-05-12 01:45:00,1778550300000,96.04,96.4,95.94,96.21,4700.26
2026-05-12 02:00:00,1778551200000,96.2,96.65,96.15,96.59,3065.48
2026-05-12 02:15:00,1778552100000,96.58,96.58,96.08,96.52,7892.22
2026-05-12 02:30:00,1778553000000,96.52,96.54,96.22,96.31,6913.49
2026-05-12 02:45:00,1778553900000,96.33,96.59,96.32,96.5,767.54
2026-05-12 03:00:00,1778554800000,96.5,96.58,96.22,96.32,2948.66
2026-05-12 03:15:00,1778555700000,96.31,96.31,96.03,96.16,985.8
2026-05-12 03:30:00,1778556600000,96.16,96.32,96.16,96.27,611.23
2026-05-12 03:45:00,1778557500000,96.28,96.28,95.99,96.09,2477.63
2026-05-12 04:00:00,1778558400000,96.08,96.14,96.02,96.09,873.64
2026-05-12 04:15:00,1778559300000,96.09,96.32,96.06,96.25,7208.2
2026-05-12 04:30:00,1778560200000,96.25,96.39,96.23,96.26,1377.99
2026-05-12 04:45:00,1778561100000,96.26,96.45,96.26,96.3,2478.03
2026-05-12 05:00:00,1778562000000,96.29,96.43,96.2,96.3,3413.77
2026-05-12 05:15:00,1778562900000,96.3,96.65,96.3,96.56,1470.93
2026-05-12 05:30:00,1778563800000,96.57,96.71,96.46,96.56,8390.14
2026-05-12 05:45:00,1778564700000,96.59,96.7,96.52,96.52,954.84
2026-05-12 06:00:00,1778565600000,96.51,96.65,96.41,96.64,6344.96
2026-05-12 06:15:00,1778566500000,96.64,96.95,96.64,96.67,3410.87
2026-05-12 06:30:00,1778567400000,96.68,96.68,96.27,96.32,10791.44
2026-05-12 06:45:00,1778568300000,96.32,96.37,96.11,96.15,6701.09
2026-05-12 07:00:00,1778569200000,96.12,96.22,95.75,96.17,10306.67
2026-05-12 07:15:00,1778570100000,96.19,96.25,96.0,96.01,2885.25
2026-05-12 07:30:00,1778571000000,96.01,96.18,95.98,95.99,1097.47
2026-05-12 07:45:00,1778571900000,95.99,96.26,95.83,96.0,8206.09
2026-05-12 08:00:00,1778572800000,95.99,96.08,95.54,95.57,7307.06
2026-05-12 08:15:00,1778573700000,95.56,95.81,95.34,95.6,5773.37
2026-05-12 08:30:00,1778574600000,95.6,95.79,95.52,95.77,2084.14
2026-05-12 08:45:00,1778575500000,95.74,95.85,95.52,95.63,21924.81
2026-05-12 09:00:00,1778576400000,95.59,95.67,95.32,95.34,3631.05
2026-05-12 09:15:00,1778577300000,95.34,95.55,95.28,95.48,11633.82
2026-05-12 09:30:00,1778578200000,95.49,96.01,95.49,95.94,5281.09
2026-05-12 09:45:00,1778579100000,95.93,95.99,95.69,95.74,2240.24
2026-05-12 10:00:00,1778580000000,95.74,95.93,95.67,95.67,1289.55
2026-05-12 10:15:00,1778580900000,95.66,95.66,95.07,95.38,11514.06
2026-05-12 10:30:00,1778581800000,95.4,95.43,95.01,95.1,4342.02
2026-05-12 10:45:00,1778582700000,95.11,95.13,94.89,94.95,9639.66
2026-05-12 11:00:00,1778583600000,94.98,94.98,94.63,94.76,9678.45
2026-05-12 11:15:00,1778584500000,94.76,94.76,94.57,94.71,3587.43
2026-05-12 11:30:00,1778585400000,94.71,94.88,94.7,94.85,3442.63
2026-05-12 11:45:00,1778586300000,94.86,94.96,94.74,94.96,9989.55
2026-05-12 12:00:00,1778587200000,94.91,95.07,94.73,95.06,2056.42
2026-05-12 12:15:00,1778588100000,95.08,95.15,94.77,94.83,2574.53
2026-05-12 12:30:00,1778589000000,94.84,95.51,94.36,95.27,25302.96
2026-05-12 12:45:00,1778589900000,95.27,95.39,95.13,95.18,3068.38
2026-05-12 13:00:00,1778590800000,95.18,95.33,94.96,94.96,4593.42
2026-05-12 13:15:00,1778591700000,94.98,95.07,94.77,94.92,5285.01
2026-05-12 13:30:00,1778592600000,94.93,95.16,94.63,95.1,5700.41
2026-05-12 13:45:00,1778593500000,95.12,95.35,94.51,94.64,9706.57
2026-05-12 14:00:00,1778594400000,94.67,95.04,94.54,95.02,8530.99
2026-05-12 14:15:00,1778595300000,95.0,95.19,94.55,94.78,4735.67
2026-05-12 14:30:00,1778596200000,94.73,95.1,94.34,94.9,6554.55
2026-05-12 14:45:00,1778597100000,94.89,94.9,94.37,94.52,7116.02
2026-05-12 15:00:00,1778598000000,94.51,94.75,94.31,94.58,11105.26
2026-05-12 15:15:00,1778598900000,94.52,94.54,93.57,93.81,17492.91
2026-05-12 15:30:00,1778599800000,93.82,94.2,93.78,94.12,6940.14
2026-05-12 15:45:00,1778600700000,94.11,94.2,93.8,93.83,4627.32
2026-05-12 16:00:00,1778601600000,93.83,94.14,93.57,94.04,9635.14
2026-05-12 16:15:00,1778602500000,94.04,94.28,93.94,94.14,4648.95
2026-05-12 16:30:00,1778603400000,94.14,94.19,93.86,94.05,6080.42
2026-05-12 16:45:00,1778604300000,94.03,94.08,93.55,93.81,5936.61
2026-05-12 17:00:00,1778605200000,93.85,94.2,93.8,94.19,3155.33
2026-05-12 17:15:00,1778606100000,94.22,94.54,94.22,94.41,6523.45
2026-05-12 17:30:00,1778607000000,94.44,94.64,94.43,94.64,3643.98
2026-05-12 17:45:00,1778607900000,94.63,94.65,94.45,94.49,5725.89
2026-05-12 18:00:00,1778608800000,94.47,94.57,94.33,94.4,2113.25
2026-05-12 18:15:00,1778609700000,94.4,94.55,94.35,94.39,1554.14
2026-05-12 18:30:00,1778610600000,94.37,94.63,94.37,94.6,2157.41
2026-05-12 18:45:00,1778611500000,94.6,94.75,94.45,94.51,1489.57
2026-05-12 19:00:00,1778612400000,94.51,94.97,94.51,94.89,2084.95
2026-05-12 19:15:00,1778613300000,94.89,94.92,94.54,94.55,2907.45
2026-05-12 19:30:00,1778614200000,94.55,94.82,94.53,94.66,2261.8
2026-05-12 19:45:00,1778615100000,94.66,94.93,94.66,94.88,2828.86
2026-05-12 20:00:00,1778616000000,94.9,94.93,94.77,94.86,2061.08
2026-05-12 20:15:00,1778616900000,94.86,94.93,94.81,94.91,649.58
2026-05-12 20:30:00,1778617800000,94.91,94.91,94.6,94.68,5176.09
2026-05-12 20:45:00,1778618700000,94.68,94.76,94.58,94.7,1913.12
2026-05-12 21:00:00,1778619600000,94.71,94.81,94.68,94.72,864.42
2026-05-12 21:15:00,1778620500000,94.72,94.74,94.65,94.7,2182.1
2026-05-12 21:30:00,1778621400000,94.72,94.72,94.55,94.65,1301.98
2026-05-12 21:45:00,1778622300000,94.66,94.67,94.47,94.62,2733.64
2026-05-12 22:00:00,1778623200000,94.63,94.99,94.63,94.71,16100.38
2026-05-12 22:15:00,1778624100000,94.7,94.82,94.67,94.69,5277.52
2026-05-12 22:30:00,1778625000000,94.7,94.77,94.61,94.69,4089.93
2026-05-12 22:45:00,1778625900000,94.68,94.74,94.61,94.61,1876.14
2026-05-12 23:00:00,1778626800000,94.62,94.7,94.43,94.5,2581.92
2026-05-12 23:15:00,1778627700000,94.51,94.68,94.51,94.64,1042.41
2026-05-12 23:30:00,1778628600000,94.64,94.64,94.36,94.37,1251.21
2026-05-12 23:45:00,1778629500000,94.36,94.37,94.2,94.25,2509.34
2026-05-13 00:00:00,1778630400000,94.24,94.27,94.01,94.14,3065.9
2026-05-13 00:15:00,1778631300000,94.13,94.52,94.13,94.38,1700.83
2026-05-13 00:30:00,1778632200000,94.33,94.59,94.3,94.53,4182.06
2026-05-13 00:45:00,1778633100000,94.53,94.53,94.29,94.45,1596.29
2026-05-13 01:00:00,1778634000000,94.46,95.08,94.43,94.97,3494.55
2026-05-13 01:15:00,1778634900000,94.98,95.31,94.88,95.22,2933.53
2026-05-13 01:30:00,1778635800000,95.23,95.4,95.14,95.22,4789.39
2026-05-13 01:45:00,1778636700000,95.22,95.31,95.05,95.12,6526.44
2026-05-13 02:00:00,1778637600000,95.13,95.24,94.96,95.16,1457.74
2026-05-13 02:15:00,1778638500000,95.16,95.54,95.03,95.28,5858.92
2026-05-13 02:30:00,1778639400000,95.29,95.32,95.13,95.21,1538.64
2026-05-13 02:45:00,1778640300000,95.21,95.25,95.1,95.2,885.78
2026-05-13 03:00:00,1778641200000,95.17,95.21,95.02,95.05,834.37
2026-05-13 03:15:00,1778642100000,95.04,95.23,95.04,95.22,567.52
2026-05-13 03:30:00,1778643000000,95.22,95.46,95.19,95.44,995.91
2026-05-13 03:45:00,1778643900000,95.44,95.51,95.39,95.51,2052.19
2026-05-13 04:00:00,1778644800000,95.52,95.67,95.44,95.52,3018.4
2026-05-13 04:15:00,1778645700000,95.52,95.76,95.43,95.67,1950.84
2026-05-13 04:30:00,1778646600000,95.73,95.96,95.47,95.51,3958.16
2026-05-13 04:45:00,1778647500000,95.52,95.58,95.4,95.44,949.85
2026-05-13 05:00:00,1778648400000,95.44,95.45,95.25,95.34,653.1
2026-05-13 05:15:00,1778649300000,95.33,95.44,95.06,95.38,2460.66
2026-05-13 05:30:00,1778650200000,95.38,95.4,95.13,95.17,1183.05
2026-05-13 05:45:00,1778651100000,95.17,95.31,95.1,95.21,975.01
2026-05-13 06:00:00,1778652000000,95.21,95.52,95.13,95.52,678.75
2026-05-13 06:15:00,1778652900000,95.52,95.65,95.12,95.2,1678.68
2026-05-13 06:30:00,1778653800000,95.22,95.26,95.11,95.22,610.84
2026-05-13 06:45:00,1778654700000,95.22,95.22,95.05,95.08,3603.7
2026-05-13 07:00:00,1778655600000,95.07,95.18,95.06,95.16,1413.07
2026-05-13 07:15:00,1778656500000,95.16,95.26,94.88,94.92,2342.43
2026-05-13 07:30:00,1778657400000,94.92,95.16,94.83,95.16,830.84
2026-05-13 07:45:00,1778658300000,95.15,95.19,94.96,95.09,994.14
2026-05-13 08:00:00,1778659200000,95.1,95.21,95.05,95.11,831.05
2026-05-13 08:15:00,1778660100000,95.11,95.23,95.08,95.11,2245.24
2026-05-13 08:30:00,1778661000000,95.11,95.7,94.95,95.68,2342.87
2026-05-13 08:45:00,1778661900000,95.69,95.7,95.45,95.52,2535.68
2026-05-13 09:00:00,1778662800000,95.54,95.81,95.52,95.63,1979.09
2026-05-13 09:15:00,1778663700000,95.63,95.74,95.56,95.68,1783.5
2026-05-13 09:30:00,1778664600000,95.67,95.84,95.65,95.66,1906.96
2026-05-13 09:45:00,1778665500000,95.66,95.76,95.61,95.66,1687.26
2026-05-13 10:00:00,1778666400000,95.66,95.71,95.28,95.29,3938.7
2026-05-13 10:15:00,1778667300000,95.29,95.4,95.07,95.09,1809.24
2026-05-13 10:30:00,1778668200000,95.08,95.14,94.69,94.76,4184.13
2026-05-13 10:45:00,1778669100000,94.78,94.89,94.67,94.73,4098.56
2026-05-13 11:00:00,1778670000000,94.7,94.77,94.23,94.31,8123.87
2026-05-13 11:15:00,1778670900000,94.29,94.49,94.21,94.33,5570.55
2026-05-13 11:30:00,1778671800000,94.32,94.57,94.32,94.56,4108.94
2026-05-13 11:45:00,1778672700000,94.57,94.6,94.2,94.28,5225.33
2026-05-13 12:00:00,1778673600000,94.28,94.57,94.25,94.47,15149.45
2026-05-13 12:15:00,1778674500000,94.47,94.56,93.92,94.12,26802.8
2026-05-13 12:30:00,1778675400000,94.13,94.13,91.73,92.96,39778.64
2026-05-13 12:45:00,1778676300000,92.94,93.18,92.93,93.12,11257.49
2026-05-13 13:00:00,1778677200000,93.12,93.37,93.12,93.31,3180.25
2026-05-13 13:15:00,1778678100000,93.29,93.38,93.16,93.22,3082.16
2026-05-13 13:30:00,1778679000000,93.21,93.29,92.69,92.81,7232.55
2026-05-13 13:45:00,1778679900000,92.8,92.82,91.89,92.23,30463.09
2026-05-13 14:00:00,1778680800000,92.24,92.24,90.72,91.98,35292.06
2026-05-13 14:15:00,1778681700000,91.96,92.29,91.84,92.16,8924.32
2026-05-13 14:30:00,1778682600000,92.16,92.22,91.78,91.78,4073.74
2026-05-13 14:45:00,1778683500000,91.79,91.85,91.61,91.7,5138.25
2026-05-13 15:00:00,1778684400000,91.73,91.86,90.92,90.98,11660.66
2026-05-13 15:15:00,1778685300000,90.95,91.21,90.7,90.81,18804.55
2026-05-13 15:30:00,1778686200000,90.79,90.99,90.7,90.77,4484.2
2026-05-13 15:45:00,1778687100000,90.77,90.85,90.21,90.36,12254.97
2026-05-13 16:00:00,1778688000000,90.38,90.96,90.35,90.68,11162.39
2026-05-13 16:15:00,1778688900000,90.66,90.96,90.5,90.89,4298.35
2026-05-13 16:30:00,1778689800000,90.89,91.09,90.76,90.91,4487.28
2026-05-13 16:45:00,1778690700000,90.92,91.19,90.81,90.81,2730.47
2026-05-13 17:00:00,1778691600000,90.83,91.07,90.77,90.95,3595.42
2026-05-13 17:15:00,1778692500000,90.96,91.02,90.7,90.92,9157.48
2026-05-13 17:30:00,1778693400000,90.95,90.95,90.64,90.89,5673.37
2026-05-13 17:45:00,1778694300000,90.89,90.95,90.69,90.85,2409.4
2026-05-13 18:00:00,1778695200000,90.85,91.08,90.83,91.02,13314.32
2026-05-13 18:15:00,1778696100000,91.04,91.32,90.96,91.24,5486.89
2026-05-13 18:30:00,1778697000000,91.28,91.35,90.92,90.95,2448.59
2026-05-13 18:45:00,1778697900000,90.95,91.02,90.7,90.86,2669.64
2026-05-13 19:00:00,1778698800000,90.88,90.88,90.56,90.59,10642.81
2026-05-13 19:15:00,1778699700000,90.58,90.67,90.43,90.59,9824.41
2026-05-13 19:30:00,1778700600000,90.64,90.89,90.64,90.85,1352.7
2026-05-13 19:45:00,1778701500000,90.85,90.94,90.77,90.89,4630.52
2026-05-13 20:00:00,1778702400000,90.89,91.11,90.88,91.07,15926.45
2026-05-13 20:15:00,1778703300000,91.06,91.26,91.03,91.07,1288.39
2026-05-13 20:30:00,1778704200000,91.07,91.27,91.05,91.05,1879.65
2026-05-13 20:45:00,1778705100000,91.05,91.18,91.01,91.16,1155.61
2026-05-13 21:00:00,1778706000000,91.19,91.2,90.68,90.9,2789.9
2026-05-13 21:15:00,1778706900000,90.9,90.93,90.77,90.85,1138.6
2026-05-13 21:30:00,1778707800000,90.84,90.9,90.78,90.85,1026.25
2026-05-13 21:45:00,1778708700000,90.85,90.95,90.72,90.84,871.63
2026-05-13 22:00:00,1778709600000,90.88,90.91,90.59,90.89,1851.26
2026-05-13 22:15:00,1778710500000,90.89,91.1,90.78,91.06,1512.46
2026-05-13 22:30:00,1778711400000,91.06,91.13,90.97,91.04,635.75
2026-05-13 22:45:00,1778712300000,91.04,91.18,91.04,91.13,1569.37
2026-05-13 23:00:00,1778713200000,91.13,91.25,91.03,91.19,1032.96
2026-05-13 23:15:00,1778714100000,91.19,91.26,91.05,91.13,836.61
2026-05-13 23:30:00,1778715000000,91.18,91.22,91.0,91.09,1485.04
2026-05-13 23:45:00,1778715900000,91.07,91.12,91.0,91.11,791.46
2026-05-14 00:00:00,1778716800000,91.11,91.37,91.09,91.31,1711.19
2026-05-14 00:15:00,1778717700000,91.3,91.36,91.03,91.12,1379.98
2026-05-14 00:30:00,1778718600000,91.14,91.26,91.1,91.17,3401.76
2026-05-14 00:45:00,1778719500000,91.17,91.24,91.12,91.19,1283.09
2026-05-14 01:00:00,1778720400000,91.12,91.3,91.06,91.09,1296.39
2026-05-14 01:15:00,1778721300000,91.13,91.22,90.93,91.05,1257.0
2026-05-14 01:30:00,1778722200000,91.05,91.14,90.95,91.04,1745.08
2026-05-14 01:45:00,1778723100000,91.08,91.2,90.99,91.11,845.45
2026-05-14 02:00:00,1778724000000,91.11,91.19,91.03,91.06,1319.58
2026-05-14 02:15:00,1778724900000,91.04,91.17,90.99,91.12,774.55
2026-05-14 02:30:00,1778725800000,91.11,91.11,90.88,91.01,1113.9
2026-05-14 02:45:00,1778726700000,91.01,91.01,90.4,90.52,5685.1
2026-05-14 03:00:00,1778727600000,90.52,90.73,89.98,90.44,11099.79
2026-05-14 03:15:00,1778728500000,90.45,90.53,89.92,90.52,5713.31
2026-05-14 03:30:00,1778729400000,90.49,90.53,90.16,90.26,2957.17
2026-05-14 03:45:00,1778730300000,90.24,90.26,89.75,89.87,14680.34
2026-05-14 04:00:00,1778731200000,89.92,90.21,89.81,90.18,4074.72
2026-05-14 04:15:00,1778732100000,90.17,90.33,90.09,90.26,2115.86
2026-05-14 04:30:00,1778733000000,90.27,90.4,90.22,90.38,856.9
2026-05-14 04:45:00,1778733900000,90.37,90.56,90.28,90.41,1900.92
2026-05-14 05:00:00,1778734800000,90.41,90.56,90.35,90.47,11676.57
2026-05-14 05:15:00,1778735700000,90.47,90.82,90.43,90.82,11002.45
2026-05-14 05:30:00,1778736600000,90.82,91.13,90.82,91.06,19087.29
2026-05-14 05:45:00,1778737500000,91.09,91.41,91.09,91.24,3219.28
2026-05-14 06:00:00,1778738400000,91.25,91.4,91.13,91.4,2678.21
2026-05-14 06:15:00,1778739300000,91.4,91.4,91.24,91.29,1552.04
2026-05-14 06:30:00,1778740200000,91.29,91.32,91.1,91.2,1390.23
2026-05-14 06:45:00,1778741100000,91.21,91.36,91.19,91.36,1442.48
2026-05-14 07:00:00,1778742000000,91.35,91.65,90.85,90.86,13909.0
2026-05-14 07:15:00,1778742900000,90.86,90.89,90.68,90.78,13775.23
2026-05-14 07:30:00,1778743800000,90.78,91.08,90.66,91.02,1131.9
2026-05-14 07:45:00,1778744700000,91.01,91.02,90.81,90.84,1514.17
2026-05-14 08:00:00,1778745600000,90.82,91.02,90.62,90.98,3293.8
2026-05-14 08:15:00,1778746500000,91.0,91.06,90.88,90.93,711.46
2026-05-14 08:30:00,1778747400000,90.94,91.25,90.94,91.13,1346.92
2026-05-14 08:45:00,1778748300000,91.14,91.15,90.95,91.0,2527.23
2026-05-14 09:00:00,1778749200000,91.06,91.08,90.93,90.94,1792.59
2026-05-14 09:15:00,1778750100000,90.93,91.03,90.77,90.83,12553.38
2026-05-14 09:30:00,1778751000000,90.82,90.84,90.53,90.64,1773.7
2026-05-14 09:45:00,1778751900000,90.63,90.86,90.55,90.81,1454.98
2026-05-14 10:00:00,1778752800000,90.8,91.05,90.68,90.88,6002.26
2026-05-14 10:15:00,1778753700000,90.88,91.07,90.88,90.96,2912.24
2026-05-14 10:30:00,1778754600000,90.96,91.02,90.62,90.71,11696.12
2026-05-14 10:45:00,1778755500000,90.73,91.08,90.73,91.01,2227.62
2026-05-14 11:00:00,1778756400000,91.01,91.05,90.84,90.84,2324.19
2026-05-14 11:15:00,1778757300000,90.84,90.95,90.64,90.71,1110.73
2026-05-14 11:30:00,1778758200000,90.71,90.74,90.57,90.63,833.38
2026-05-14 11:45:00,1778759100000,90.63,90.73,90.56,90.59,772.97
2026-05-14 12:00:00,1778760000000,90.55,90.9,90.49,90.82,2803.73
2026-05-14 12:15:00,1778760900000,90.83,90.98,90.69,90.87,3369.3
2026-05-14 12:30:00,1778761800000,90.85,91.2,90.84,91.08,4307.01
2026-05-14 12:45:00,1778762700000,91.08,91.22,91.05,91.15,3468.41
2026-05-14 13:00:00,1778763600000,91.16,91.36,91.05,91.3,3455.22
2026-05-14 13:15:00,1778764500000,91.31,91.42,91.06,91.17,3299.99
2026-05-14 13:30:00,1778765400000,91.23,91.27,90.77,91.07,11679.59
2026-05-14 13:45:00,1778766300000,91.1,91.25,90.67,90.74,5138.2
2026-05-14 14:00:00,1778767200000,90.67,91.05,90.57,90.99,5568.23
2026-05-14 14:15:00,1778768100000,91.03,91.59,90.99,91.45,10969.66
2026-05-14 14:30:00,1778769000000,91.45,91.6,91.25,91.56,2457.88
2026-05-14 14:45:00,1778769900000,91.58,92.25,91.58,92.23,10046.89
2026-05-14 15:00:00,1778770800000,92.25,92.31,91.89,92.19,7143.82
2026-05-14 15:15:00,1778771700000,92.2,92.62,92.1,92.42,5860.87
2026-05-14 15:30:00,1778772600000,92.4,92.68,92.15,92.42,3406.77
2026-05-14 15:45:00,1778773500000,92.44,93.2,92.4,93.16,11237.81
2026-05-14 16:00:00,1778774400000,93.13,93.64,93.0,93.44,7296.45
2026-05-14 16:15:00,1778775300000,93.47,93.47,93.06,93.17,4307.1
2026-05-14 16:30:00,1778776200000,93.24,93.32,92.99,93.18,4426.33
2026-05-14 16:45:00,1778777100000,93.21,93.36,92.27,93.27,11436.63
2026-05-14 17:00:00,1778778000000,93.33,93.52,92.93,92.98,7778.85
2026-05-14 17:15:00,1778778900000,92.98,93.0,92.27,92.36,6104.81
2026-05-14 17:30:00,1778779800000,92.35,92.91,92.24,92.87,5049.23
2026-05-14 17:45:00,1778780700000,92.91,93.27,92.89,92.97,4401.46
2026-05-14 18:00:00,1778781600000,92.96,93.32,92.67,93.32,5065.13
2026-05-14 18:15:00,1778782500000,93.32,93.59,93.14,93.54,11182.04
2026-05-14 18:30:00,1778783400000,93.54,93.54,93.07,93.16,2578.4
2026-05-14 18:45:00,1778784300000,93.16,93.53,93.16,93.35,4450.05
2026-05-14 19:00:00,1778785200000,93.4,93.6,93.26,93.31,4567.45
2026-05-14 19:15:00,1778786100000,93.3,93.44,92.89,92.89,3944.76
2026-05-14 19:30:00,1778787000000,92.92,93.17,92.92,93.04,3628.8
2026-05-14 19:45:00,1778787900000,93.04,93.04,92.75,92.85,1391.75
2026-05-14 20:00:00,1778788800000,92.86,92.93,92.61,92.61,3470.01
2026-05-14 20:15:00,1778789700000,92.6,92.77,92.39,92.49,3466.7
2026-05-14 20:30:00,1778790600000,92.49,92.54,92.31,92.52,5134.45
2026-05-14 20:45:00,1778791500000,92.51,92.75,92.49,92.69,2175.79
2026-05-14 21:00:00,1778792400000,92.69,92.82,92.52,92.57,1648.52
2026-05-14 21:15:00,1778793300000,92.58,92.77,92.5,92.73,953.42
2026-05-14 21:30:00,1778794200000,92.73,92.89,92.73,92.74,834.64
2026-05-14 21:45:00,1778795100000,92.74,92.74,92.6,92.67,1429.9
2026-05-14 22:00:00,1778796000000,92.68,92.8,92.55,92.8,4988.39
2026-05-14 22:15:00,1778796900000,92.8,92.8,92.58,92.72,12036.82
2026-05-14 22:30:00,1778797800000,92.72,92.87,92.71,92.81,887.3
2026-05-14 22:45:00,1778798700000,92.81,92.85,92.59,92.61,456.75
2026-05-14 23:00:00,1778799600000,92.53,92.61,92.3,92.37,2722.53
2026-05-14 23:15:00,1778800500000,92.37,92.55,92.26,92.51,11061.51
2026-05-14 23:30:00,1778801400000,92.51,92.54,92.4,92.45,11219.64
2026-05-14 23:45:00,1778802300000,92.46,92.46,92.07,92.1,2508.79
2026-05-15 00:00:00,1778803200000,92.1,92.33,92.05,92.31,1805.12
2026-05-15 00:15:00,1778804100000,92.33,92.48,92.3,92.43,2032.41
2026-05-15 00:30:00,1778805000000,92.4,92.62,92.05,92.26,2793.14
2026-05-15 00:45:00,1778805900000,92.26,92.44,92.24,92.36,1568.35
2026-05-15 01:00:00,1778806800000,92.37,92.5,92.29,92.36,1567.37
2026-05-15 01:15:00,1778807700000,92.35,92.46,92.12,92.12,12220.99
2026-05-15 01:30:00,1778808600000,92.12,92.24,91.76,92.16,5384.13
2026-05-15 01:45:00,1778809500000,92.17,92.17,91.61,91.7,3930.68
2026-05-15 02:00:00,1778810400000,91.71,92.03,91.45,91.87,2523.95
2026-05-15 02:15:00,1778811300000,91.86,92.01,91.66,91.68,2036.05
2026-05-15 02:30:00,1778812200000,91.67,92.07,91.44,92.02,2416.41
2026-05-15 02:45:00,1778813100000,92.09,92.4,92.03,92.31,2918.02
2026-05-15 03:00:00,1778814000000,92.31,92.42,92.1,92.2,1578.81
2026-05-15 03:15:00,1778814900000,92.21,92.26,92.11,92.25,429.93
2026-05-15 03:30:00,1778815800000,92.24,92.24,91.85,91.97,2457.5
2026-05-15 03:45:00,1778816700000,91.97,92.08,91.89,92.06,732.0
2026-05-15 04:00:00,1778817600000,92.06,92.06,91.83,91.95,630.43
2026-05-15 04:15:00,1778818500000,91.95,91.96,91.62,91.69,1583.09
2026-05-15 04:30:00,1778819400000,91.66,91.8,91.54,91.7,633.01
2026-05-15 04:45:00,1778820300000,91.7,91.73,91.22,91.22,2253.27
2026-05-15 05:00:00,1778821200000,91.22,91.43,91.13,91.41,2177.84
2026-05-15 05:15:00,1778822100000,91.42,91.48,91.27,91.29,1416.32
2026-05-15 05:30:00,1778823000000,91.31,91.31,90.23,90.61,6704.21
2026-05-15 05:45:00,1778823900000,90.6,90.7,90.35,90.56,1919.23
2026-05-15 06:00:00,1778824800000,90.56,90.96,90.56,90.59,2652.61
2026-05-15 06:15:00,1778825700000,90.66,90.76,90.43,90.76,1119.5
2026-05-15 06:30:00,1778826600000,90.76,91.01,90.75,90.98,2128.33
2026-05-15 06:45:00,1778827500000,90.98,91.02,90.91,90.96,1130.63
2026-05-15 07:00:00,1778828400000,90.93,91.18,90.92,91.18,595.82
2026-05-15 07:15:00,1778829300000,91.17,91.68,91.05,91.53,3116.14
2026-05-15 07:30:00,1778830200000,91.54,91.54,91.21,91.34,1046.02
2026-05-15 07:45:00,1778831100000,91.34,91.67,91.31,91.57,1313.47
2026-05-15 08:00:00,1778832000000,91.56,91.58,91.31,91.4,1254.95
2026-05-15 08:15:00,1778832900000,91.4,91.4,91.08,91.09,1674.14
2026-05-15 08:30:00,1778833800000,91.09,91.41,90.94,91.39,1636.88
2026-05-15 08:45:00,1778834700000,91.41,91.6,91.14,91.2,894.46
2026-05-15 09:00:00,1778835600000,91.25,91.25,90.92,91.15,1476.63
2026-05-15 09:15:00,1778836500000,91.15,91.17,90.99,91.17,974.39
2026-05-15 09:30:00,1778837400000,91.18,91.27,90.91,90.91,1554.72
2026-05-15 09:45:00,1778838300000,90.91,91.14,90.87,91.13,21504.15
2026-05-15 10:00:00,1778839200000,91.14,91.23,90.96,91.2,1524.67
2026-05-15 10:15:00,1778840100000,91.2,91.2,90.97,91.05,827.47
2026-05-15 10:30:00,1778841000000,91.05,91.23,90.99,91.15,688.12
2026-05-15 10:45:00,1778841900000,91.2,91.53,91.18,91.43,21340.64
2026-05-15 11:00:00,1778842800000,91.44,91.5,91.21,91.39,980.05
2026-05-15 11:15:00,1778843700000,91.39,91.45,91.24,91.3,530.57
2026-05-15 11:30:00,1778844600000,91.3,91.36,91.2,91.24,875.67
2026-05-15 11:45:00,1778845500000,91.24,91.32,91.14,91.22,1441.88
2026-05-15 12:00:00,1778846400000,91.22,91.22,90.76,90.76,4669.68
2026-05-15 12:15:00,1778847300000,90.74,90.96,90.69,90.82,3034.45
2026-05-15 12:30:00,1778848200000,90.79,90.85,90.56,90.6,1845.1
2026-05-15 12:45:00,1778849100000,90.58,90.7,90.51,90.62,1393.42
2026-05-15 13:00:00,1778850000000,90.62,90.62,90.17,90.28,18147.35
2026-05-15 13:15:00,1778850900000,90.29,90.54,90.23,90.43,11642.84
2026-05-15 13:30:00,1778851800000,90.46,90.46,89.09,89.19,33446.77
2026-05-15 13:45:00,1778852700000,89.18,89.61,88.64,88.87,24489.62
2026-05-15 14:00:00,1778853600000,88.88,89.09,88.5,88.95,12412.85
